asdf_id,worldbank_geocodedresearchrelease_level1_v1_4_2.fa137b9.sum,ucdp_deaths_171.1989.sum,ucdp_deaths_171.1990.sum,ucdp_deaths_171.1991.sum,ucdp_deaths_171.1992.sum,ucdp_deaths_171.1993.sum,ucdp_deaths_171.1994.sum,ucdp_deaths_171.1995.sum,ucdp_deaths_171.1996.sum,ucdp_deaths_171.1997.sum,ucdp_deaths_171.1998.sum,ucdp_deaths_171.1999.sum,ucdp_deaths_171.2000.sum,ucdp_deaths_171.2001.sum,ucdp_deaths_171.2002.sum,ucdp_deaths_171.2003.sum,ucdp_deaths_171.2004.sum,ucdp_deaths_171.2005.sum,ucdp_deaths_171.2006.sum,ucdp_deaths_171.2007.sum,ucdp_deaths_171.2008.sum,ucdp_deaths_171.2009.sum,ucdp_deaths_171.2010.sum,ucdp_deaths_171.2011.sum,ucdp_deaths_171.2012.sum,ucdp_deaths_171.2013.sum,ucdp_deaths_171.2014.sum,ucdp_deaths_171.2015.sum,ucdp_deaths_171.2016.sum,access_50k.none.mean,access_50k.none.max,access_50k.none.min,viirs_vcmcfg_dnb_composites_v10_yearly_max.2016.max,viirs_vcmcfg_dnb_composites_v10_yearly_max.2016.mean,viirs_vcmcfg_dnb_composites_v10_yearly_max.2016.min,viirs_vcmcfg_dnb_composites_v10_yearly_max.2016.sum,viirs_vcmcfg_dnb_composites_v10_yearly_max.2016.count,viirs_vcmcfg_dnb_composites_v10_yearly_max.2012.max,viirs_vcmcfg_dnb_composites_v10_yearly_max.2012.mean,viirs_vcmcfg_dnb_composites_v10_yearly_max.2012.min,viirs_vcmcfg_dnb_composites_v10_yearly_max.2012.sum,viirs_vcmcfg_dnb_composites_v10_yearly_max.2012.count,viirs_vcmcfg_dnb_composites_v10_yearly_max.2013.max,viirs_vcmcfg_dnb_composites_v10_yearly_max.2013.mean,viirs_vcmcfg_dnb_composites_v10_yearly_max.2013.min,viirs_vcmcfg_dnb_composites_v10_yearly_max.2013.sum,viirs_vcmcfg_dnb_composites_v10_yearly_max.2013.count,viirs_vcmcfg_dnb_composites_v10_yearly_max.2015.max,viirs_vcmcfg_dnb_composites_v10_yearly_max.2015.mean,viirs_vcmcfg_dnb_composites_v10_yearly_max.2015.min,viirs_vcmcfg_dnb_composites_v10_yearly_max.2015.sum,viirs_vcmcfg_dnb_composites_v10_yearly_max.2015.count,viirs_vcmcfg_dnb_composites_v10_yearly_max.2014.max,viirs_vcmcfg_dnb_composites_v10_yearly_max.2014.mean,viirs_vcmcfg_dnb_composites_v10_yearly_max.2014.min,viirs_vcmcfg_dnb_composites_v10_yearly_max.2014.sum,viirs_vcmcfg_dnb_composites_v10_yearly_max.2014.count,gdp_grid.none.sum,gdp_grid.none.mean,gdp_grid.none.max,gdp_grid.none.min,ltdr_avhrr_ndvi_v4_yearly.2000.max,ltdr_avhrr_ndvi_v4_yearly.2000.mean,ltdr_avhrr_ndvi_v4_yearly.2000.min,ltdr_avhrr_ndvi_v4_yearly.1994.max,ltdr_avhrr_ndvi_v4_yearly.1994.mean,ltdr_avhrr_ndvi_v4_yearly.1994.min,ltdr_avhrr_ndvi_v4_yearly.1988.max,ltdr_avhrr_ndvi_v4_yearly.1988.mean,ltdr_avhrr_ndvi_v4_yearly.1988.min,ltdr_avhrr_ndvi_v4_yearly.2009.max,ltdr_avhrr_ndvi_v4_yearly.2009.mean,ltdr_avhrr_ndvi_v4_yearly.2009.min,ltdr_avhrr_ndvi_v4_yearly.2013.max,ltdr_avhrr_ndvi_v4_yearly.2013.mean,ltdr_avhrr_ndvi_v4_yearly.2013.min,ltdr_avhrr_ndvi_v4_yearly.1986.max,ltdr_avhrr_ndvi_v4_yearly.1986.mean,ltdr_avhrr_ndvi_v4_yearly.1986.min,ltdr_avhrr_ndvi_v4_yearly.2016.max,ltdr_avhrr_ndvi_v4_yearly.2016.mean,ltdr_avhrr_ndvi_v4_yearly.2016.min,ltdr_avhrr_ndvi_v4_yearly.1982.max,ltdr_avhrr_ndvi_v4_yearly.1982.mean,ltdr_avhrr_ndvi_v4_yearly.1982.min,ltdr_avhrr_ndvi_v4_yearly.1993.max,ltdr_avhrr_ndvi_v4_yearly.1993.mean,ltdr_avhrr_ndvi_v4_yearly.1993.min,ltdr_avhrr_ndvi_v4_yearly.2004.max,ltdr_avhrr_ndvi_v4_yearly.2004.mean,ltdr_avhrr_ndvi_v4_yearly.2004.min,ltdr_avhrr_ndvi_v4_yearly.1998.max,ltdr_avhrr_ndvi_v4_yearly.1998.mean,ltdr_avhrr_ndvi_v4_yearly.1998.min,ltdr_avhrr_ndvi_v4_yearly.1990.max,ltdr_avhrr_ndvi_v4_yearly.1990.mean,ltdr_avhrr_ndvi_v4_yearly.1990.min,ltdr_avhrr_ndvi_v4_yearly.2014.max,ltdr_avhrr_ndvi_v4_yearly.2014.mean,ltdr_avhrr_ndvi_v4_yearly.2014.min,ltdr_avhrr_ndvi_v4_yearly.2007.max,ltdr_avhrr_ndvi_v4_yearly.2007.mean,ltdr_avhrr_ndvi_v4_yearly.2007.min,ltdr_avhrr_ndvi_v4_yearly.1985.max,ltdr_avhrr_ndvi_v4_yearly.1985.mean,ltdr_avhrr_ndvi_v4_yearly.1985.min,ltdr_avhrr_ndvi_v4_yearly.1999.max,ltdr_avhrr_ndvi_v4_yearly.1999.mean,ltdr_avhrr_ndvi_v4_yearly.1999.min,ltdr_avhrr_ndvi_v4_yearly.1981.max,ltdr_avhrr_ndvi_v4_yearly.1981.mean,ltdr_avhrr_ndvi_v4_yearly.1981.min,ltdr_avhrr_ndvi_v4_yearly.2010.max,ltdr_avhrr_ndvi_v4_yearly.2010.mean,ltdr_avhrr_ndvi_v4_yearly.2010.min,ltdr_avhrr_ndvi_v4_yearly.2003.max,ltdr_avhrr_ndvi_v4_yearly.2003.mean,ltdr_avhrr_ndvi_v4_yearly.2003.min,ltdr_avhrr_ndvi_v4_yearly.1995.max,ltdr_avhrr_ndvi_v4_yearly.1995.mean,ltdr_avhrr_ndvi_v4_yearly.1995.min,ltdr_avhrr_ndvi_v4_yearly.2008.max,ltdr_avhrr_ndvi_v4_yearly.2008.mean,ltdr_avhrr_ndvi_v4_yearly.2008.min,ltdr_avhrr_ndvi_v4_yearly.2002.max,ltdr_avhrr_ndvi_v4_yearly.2002.mean,ltdr_avhrr_ndvi_v4_yearly.2002.min,ltdr_avhrr_ndvi_v4_yearly.2011.max,ltdr_avhrr_ndvi_v4_yearly.2011.mean,ltdr_avhrr_ndvi_v4_yearly.2011.min,ltdr_avhrr_ndvi_v4_yearly.2005.max,ltdr_avhrr_ndvi_v4_yearly.2005.mean,ltdr_avhrr_ndvi_v4_yearly.2005.min,ltdr_avhrr_ndvi_v4_yearly.1983.max,ltdr_avhrr_ndvi_v4_yearly.1983.mean,ltdr_avhrr_ndvi_v4_yearly.1983.min,ltdr_avhrr_ndvi_v4_yearly.1992.max,ltdr_avhrr_ndvi_v4_yearly.1992.mean,ltdr_avhrr_ndvi_v4_yearly.1992.min,ltdr_avhrr_ndvi_v4_yearly.1984.max,ltdr_avhrr_ndvi_v4_yearly.1984.mean,ltdr_avhrr_ndvi_v4_yearly.1984.min,ltdr_avhrr_ndvi_v4_yearly.2015.max,ltdr_avhrr_ndvi_v4_yearly.2015.mean,ltdr_avhrr_ndvi_v4_yearly.2015.min,ltdr_avhrr_ndvi_v4_yearly.1996.max,ltdr_avhrr_ndvi_v4_yearly.1996.mean,ltdr_avhrr_ndvi_v4_yearly.1996.min,ltdr_avhrr_ndvi_v4_yearly.1991.max,ltdr_avhrr_ndvi_v4_yearly.1991.mean,ltdr_avhrr_ndvi_v4_yearly.1991.min,ltdr_avhrr_ndvi_v4_yearly.2006.max,ltdr_avhrr_ndvi_v4_yearly.2006.mean,ltdr_avhrr_ndvi_v4_yearly.2006.min,ltdr_avhrr_ndvi_v4_yearly.1997.max,ltdr_avhrr_ndvi_v4_yearly.1997.mean,ltdr_avhrr_ndvi_v4_yearly.1997.min,ltdr_avhrr_ndvi_v4_yearly.1989.max,ltdr_avhrr_ndvi_v4_yearly.1989.mean,ltdr_avhrr_ndvi_v4_yearly.1989.min,ltdr_avhrr_ndvi_v4_yearly.2012.max,ltdr_avhrr_ndvi_v4_yearly.2012.mean,ltdr_avhrr_ndvi_v4_yearly.2012.min,ltdr_avhrr_ndvi_v4_yearly.1987.max,ltdr_avhrr_ndvi_v4_yearly.1987.mean,ltdr_avhrr_ndvi_v4_yearly.1987.min,ltdr_avhrr_ndvi_v4_yearly.2001.max,ltdr_avhrr_ndvi_v4_yearly.2001.mean,ltdr_avhrr_ndvi_v4_yearly.2001.min,gpw_v4_density.2000.count,gpw_v4_density.2000.mean,gpw_v4_density.2000.max,gpw_v4_density.2000.min,gpw_v4_density.2005.count,gpw_v4_density.2005.mean,gpw_v4_density.2005.max,gpw_v4_density.2005.min,gpw_v4_density.2010.count,gpw_v4_density.2010.mean,gpw_v4_density.2010.max,gpw_v4_density.2010.min,gpw_v4_density.2015.count,gpw_v4_density.2015.mean,gpw_v4_density.2015.max,gpw_v4_density.2015.min,gpw_v4_density.2020.count,gpw_v4_density.2020.mean,gpw_v4_density.2020.max,gpw_v4_density.2020.min,gpw_v4_count.2000.sum,gpw_v4_count.2005.sum,gpw_v4_count.2010.sum,gpw_v4_count.2015.sum,gpw_v4_count.2020.sum,CCN_1,NAME_0,Shape_Area,VARNAME_1,ENGTYPE_1,NAME_1,ID_0,HASC_1,CCA_1,ID_1,TYPE_1,Shape_Length,NL_NAME_1,ISO
0,535801146.5,367,527.8,314,287,138,228,94,9,0,0,0,0,0,0,0,0,0,0,0,0,0,0,0,0,0,0,0,0,280.7610042,984,90,74.15544128,0.299481384,0.042637128,14606.77637,48857.88281,69.77362823,0.237753161,0.027466083,11599.20898,48857.88281,107.3112412,0.282594445,0.062854342,13787.09961,48857.88281,68.92684174,0.3282697,0.091495387,16012.08984,48857.88281,44.6292305,0.320811263,0.046598908,15651.65039,48857.88281,2729.270264,0.223619442,35.06664276,0,8398,7548.211956,4687,8002.75,6676.278846,4558.25,7598.833333,6327.916953,4666.333333,7986.083333,7173.747274,5434.5,7844,7092.992443,5247.583333,7663.333333,6592.655619,4342.583333,8042.833333,7150.869651,5249.666667,7365.5,5964.859406,4316.75,8108,6503.413361,4839.083333,8222.416667,7295.513872,4970.583333,7582.333333,6595.49831,5055.833333,7692.416667,6685.548308,4441.833333,7934.75,7124.348702,5455.083333,7888.166667,7026.44477,4477.333333,8110.75,6648.331785,4270,8098.166667,6659.259416,4421.166667,8122.4,6658.766172,3714.2,8114,7180.417169,5028.166667,7908.5,7152.903108,5274.5,7740,6827.341727,4731.083333,7855.416667,6932.754203,5369,8045.083333,7309.148745,4466.833333,8034.083333,7140.234075,5529,7941.416667,7226.311316,5287.583333,7865,6253.894607,4613.583333,7829,6130.43328,3963.5,7940.333333,6340.015255,4699.666667,8027.75,7079.414289,5010.416667,7905.083333,6824.701451,4396.916667,7633.25,6332.019283,4205.833333,7796.666667,6992.327656,4616,7921.25,6752.779287,3846,7843.5,6607.978063,4334.416667,8036.333333,7152.485787,5502.25,7950.75,6528.844578,4468.25,7970.583333,7120.628274,4547,12235.31055,80.38599404,264.2866211,19.08823967,12235.31055,94.15533437,346.7996216,23.30153465,12235.31055,109.0320252,449.3737488,26.52457809,12235.31055,125.0712537,576.1174316,29.41219711,12235.31055,142.2610695,731.5185547,32.09178925,812130.8125,951194.125,1101428.375,1263389,1436952.75,,Guatemala,0.846742,,Department,Alta Verapaz,94,GT.AV,,1,Departamento,5.707457,,GTM
1,158538616.5,2,5,0,0,0,2,0,0,0,0,0,0,0,0,0,0,0,0,0,0,0,0,0,0,0,0,0,0,205.6786092,762,36,30.6391468,0.321835757,0.028672235,4396.985352,13688.65039,16.05190086,0.28286182,0.019554615,3864.382324,13688.65039,19.48275185,0.358878089,0.068918645,4903.190918,13688.65039,57.60557175,0.426251222,0.096102968,5823.674316,13688.65039,13.22322464,0.358162877,0.041136194,4892.329102,13688.65039,1245.314453,0.364101616,22.7908783,0,8090.5,7138.546783,4687,7002.25,5722.094356,4505,6827.416667,5419.185416,4190.75,7469.333333,6538.803019,5620.333333,7481,6611.287532,5652.666667,7186.916667,5783.386987,4342.75,7602.916667,6483.73754,5002.75,6176.916667,5196.276564,4301.25,6608.916667,5753.655783,5026.666667,7782.666667,6635.234647,5281.833333,7069.25,5855.029111,4769.583333,7365.583333,5932.585313,4686.083333,7565.166667,6595.659734,5433.666667,7571,6439.727943,4869,7235.916667,5848.622718,4344.5,7021.583333,5983.760287,4815,7230.2,6298.878932,3714.2,7325.416667,6511.731156,5482.833333,7490.833333,6457.198952,5207.083333,7149.75,6008.081822,4784.333333,7312.333333,6277.475688,5305.666667,7475.833333,6462.597203,5153.666667,7394,6641.024193,5850.083333,7418.166667,6449.942198,5088,6810.083333,5571.587673,4426,6629.5,5487.040841,3986.833333,6649.5,5656.527226,4617.333333,7462.416667,6501.628578,5148.25,7236.416667,6119.995015,4846.166667,6619.75,5558.770075,4599,7567.333333,6253.763316,5124.416667,7299.25,5911.498692,4232.5,7057.5,5887.08294,4866.5,7455.416667,6576.628746,5712.666667,7039.083333,5725.398891,4662.583333,7647.083333,6549.46183,5177.5,3432.069824,75.28342505,569.2505493,29.1148777,3432.069824,85.68771273,654.0532837,31.86019325,3432.069824,96.54517444,742.1323242,34.43390656,3432.069824,107.8883398,833.2043457,36.81879807,3432.069824,119.6948621,926.4865112,38.99279404,212905.3906,242306.7813,272983.5,305026.75,338372.4063,,Guatemala,0.236935,,Department,Baja Verapaz,94,GT.BV,,2,Departamento,2.733162,,GTM
2,129843366.2,1,0,1.360000014,1,3,2.540000021,0,0,2,0,0,0,0,0,0,0,0,0,0,0,0,0,0,0,0,0,0,0,168.3238949,1187,27,167.3617706,0.913231164,0.089103095,8305.760742,9135.329102,89.47977448,0.574155973,0.023690414,5219.783203,9135.329102,124.1624069,0.665597303,0.103339635,6047.703125,9135.329102,331.6560059,0.863145206,0.131807342,7815.691406,9135.329102,283.2418823,0.714428326,0.120622769,6501.143066,9135.329102,3230.979004,1.415872053,34.92056656,0,8130,7095.20776,5962,6375.375,4947.461393,3048.5,5987.833333,4790.295365,2987.083333,6967.333333,6101.421953,5041.25,7103.083333,6035.276043,4225.666667,6465.916667,5595.015208,4404.5,7151.333333,6036.505285,3769,6126.416667,5062.580629,3529.5,6320.25,5295.133746,3954.5,7407.416667,6444.088804,5169.833333,6753.666667,5681.194898,4478.083333,6622.5,5624.670172,3729.25,7085.916667,6082.417374,4631.083333,6934.583333,6105.108419,4698.833333,6649.833333,5509.57571,3839.416667,6661.833333,5433.705961,3617.083333,6860.2,5916.27948,3424.4,6928.75,5873.415822,4453.083333,7348.916667,6255.678772,4983.5,6638.5,5402.708281,3389.25,6889.5,5641.340662,4128.916667,6867.833333,6089.422493,4957.666667,7158.75,5972.409904,4256.5,7184,6034.035231,3898.833333,6008.416667,5092.21912,3596.916667,6185.583333,4894.160089,3452.833333,6221.666667,4982.879344,3477.333333,7175.666667,6105.643981,3943.166667,6394.666667,5619.72343,3927.75,6444.416667,5214.51052,3914.75,6845.25,6065.888842,4804.5,6761.666667,5743.337278,4152.083333,6353.75,5557.986773,4372.25,7345,6349.693739,5278.916667,6728.916667,5492.950367,3906.75,7163.583333,6353.310952,5628.833333,2291.800049,246.3057654,1356.118774,73.51271057,2291.800049,284.1735153,1684.828979,78.41139984,2291.800049,324.5431872,2067.034668,82.58512878,2291.800049,367.6276003,2509.114014,86.06352997,2291.800049,413.4517488,3016.43042,88.82006836,466723.4375,538491.875,615008.5,696678.375,783550.625,,Guatemala,0.158031,,Department,Chimaltenango,94,GT.CM,,3,Departamento,2.146841,,GTM
3,141118746.8,0,0,0,0,0,1,0,0,0,0,0,0,0,0,0,0,0,0,0,0,0,0,0,0,0,0,0,0,230.0497208,563,50,23.67873383,0.422390002,0.071495786,4868.399414,11559.02051,31.13559914,0.361109804,0.051954217,4164.150879,11559.02051,98.10048676,0.526834502,0.090854123,6075.713867,11559.02051,46.28997803,0.523909394,0.127527922,6040.710938,11559.02051,28.57914734,0.500846438,0.090233244,5777.522461,11559.02051,2045.502686,0.707162792,27.16534615,0,7835,6807.356347,5530.5,6279.625,5424.448491,4760.875,6497.333333,5077.658199,4604,7218,6312.226912,5502.916667,7326.916667,6209.093079,5554.583333,6479.916667,5495.580021,4774.833333,7213.583333,6269.418192,5365.916667,5799.416667,5116.712986,4597.583333,6371.583333,5480.628526,4805.75,7331.666667,6419.680119,5452.333333,6539.333333,5721.595355,5113.5,6676.583333,5692.920038,5139.666667,7054.083333,6179.613968,5600.5,6945.666667,6148.51441,5505.083333,6579.833333,5639.059754,5085.166667,6985.25,5722.740505,5149.416667,6802.4,6261.851635,5421.6,6978.75,6154.864046,5459.416667,7318.333333,6289.067808,5504.75,6805.666667,5659.792471,5192.75,7148.833333,5953.763547,5331.833333,7222.583333,6153.999829,5376.416667,7082.75,6183.072286,5522.5,7439.333333,6207.73552,5541.083333,6084.75,5340.136779,4670.583333,5986.333333,5117.854934,4545.166667,6274.75,5561.573155,5201.416667,7097.083333,6208.855752,5370.916667,6597.583333,5795.717431,5184.166667,6199.333333,5361.350934,4670.25,7069.75,6080.120579,5278.416667,6542,5614.913783,5143.75,6510.083333,5546.921665,4945,6956.166667,6254.546949,5514.416667,6313.666667,5455.927182,4848.083333,7073.333333,6166.466322,5365.083333,2898.560059,123.1135852,214.8522339,26.03234673,2898.560059,138.4177908,237.3168335,28.21139717,2898.560059,153.9823525,258.8512268,30.14792824,2898.560059,169.8154925,279.3509216,31.62865067,2898.560059,185.8328023,298.5749207,32.87737656,295639.5,332409.5,369809.2188,407859,446355.0313,,Guatemala,0.20006,,Department,Chiquimula,94,GT.CQ,,4,Departamento,2.378388,,GTM
4,99091872.02,0,0,0,0,0,0,0,0,0,0,0,0,0,0,0,0,0,0,0,0,0,0,0,0,0,0,0,0,154.3334249,742,29,42.79871368,0.551296607,0.042677633,4501.388184,8181.799316,38.55467224,0.457244011,0.035882745,3731.998535,8181.799316,35.25451279,0.566553004,0.071655326,4623.70752,8181.799316,50.03081512,0.624424355,0.09865506,5092.926758,8181.799316,38.96312332,0.5800318,0.041136194,4734.290039,8181.799316,1445.820801,0.706637598,14.99028397,0,7760.5,6712.376678,4687,6375.25,5368.666491,4285.875,5819,4980.225268,4125.166667,6642.25,6088.62427,5125.583333,6931.083333,6291.401334,5677.416667,6148.833333,5359.561303,4411,7102.833333,6087.362615,5109.416667,5564,5023.334057,4147.25,6242.166667,5518.414948,4477.5,7357.916667,6244.59697,5292.083333,6424.333333,5788.968366,5028.333333,6214.583333,5606.213551,4705.666667,7116.583333,6506.790059,5784.916667,6879.166667,6122.243935,5320.75,6353.5,5461.138633,4178.166667,6557.583333,6035.899996,5173.833333,6923.6,6490.079579,5258.8,7084.166667,6326.43534,5483.916667,6989.666667,6009.239141,5097,6446.666667,5733.120869,4923.916667,6985.5,6165.170882,5360,6913.833333,6079.316224,5116.583333,7047.416667,6523.291981,5852.583333,7127,6164.689003,5224.583333,6129.416667,5457.103762,4441.25,5904.583333,5251.913927,4570.833333,6151,5491.96794,4685.75,6744.333333,6148.540882,5148.25,6532.25,6015.491896,5043.166667,6165,5302.62644,4375.333333,6894.5,6052.957799,5259.916667,6551.75,5737.330298,4865.75,6218.25,5587.01417,4707.25,7088.083333,6389.274331,5573.583333,6191.25,5269.475785,4141.416667,6828.583333,6220.50984,5321.75,2053.399902,79.85555408,209.9966125,28.49429131,2053.399902,87.59845209,230.5511017,31.16824341,2053.399902,94.92388147,249.9539642,33.67224121,2053.399902,101.8082525,268.12146,35.98935699,2053.399902,108.1783533,284.8375549,38.09841156,135281.1406,148381.1563,160769.7969,172407.0313,183168.7969,,Guatemala,0.141515,Guastatoya,Department,El Progreso,94,GT.PR,,5,Departamento,2.010592,,GTM
5,217186067.3,2,2.790000018,13,2.730000019,2,0,5,0,0,0,0,0,0,0,0,0,18,0,0,0,0,0,0,0,0,0,17,0,108.3464172,1089,0,418.7557373,1.330149552,0.070849575,30533.7793,23088.66797,1134.102173,1.187938362,-0.067647271,27330.51758,23088.66797,282.4957886,1.111260393,0.101869062,25540.32227,23088.66797,1460.566284,1.594665126,0.123941913,36589.57031,23088.66797,344.9369202,1.11496554,0.10023436,25590.86914,23088.66797,5588.616699,0.968550123,39.82296371,0,8250,6711.246031,2502.5,6621.5,5076.005005,1173.625,6116,5081.04888,2728.5,7476.416667,6261.354097,5041.25,7594.833333,6307.754026,4898.166667,6368.25,5731.412717,3582.416667,7510.333333,6242.955468,3769,6244.833333,5293.343178,919.5,6813.166667,5628.219132,1096.25,7576.583333,6557.224535,4757.166667,6728.333333,5797.038468,3593.583333,6734,5909.909738,1176.333333,7807.75,6525.800633,5049,7403.833333,6293.745771,4274,6558.75,5858.287916,3758.583333,6987.75,5886.860227,3645.083333,7915.4,6442.726513,1139.8,7570.416667,6186.12533,4808.333333,7400.416667,6326.839914,4800.083333,6644.25,5804.484759,2510.5,7337.75,6135.384178,4603.25,7414.333333,6283.01652,3891.416667,7744.583333,6419.586977,4836.833333,7409.25,6131.596299,4168.833333,6251.916667,5395.071388,1296.583333,6260.416667,5286.196449,1264.583333,6024.75,5220.768417,1818.416667,7627.833333,6402.833471,3943.166667,6913.583333,6001.481266,3570.666667,6319.5,5460.676926,1483.333333,7417.416667,6382.956383,4908.083333,7127.666667,6162.533164,3724.416667,6392,5746.295079,1512.166667,7508.5,6579.982106,5700.166667,6786.25,5661.414615,3234.5,7468.916667,6506.357087,3601,5786.759766,119.7888193,1055.259033,34.46716309,5786.759766,133.4371482,1182.18457,38.89267349,5786.759766,147.0864356,1307.821411,43.33547592,5786.759766,160.7470067,1431.493286,45.76218796,5786.759766,174.3415942,1551.78064,45.7973175,573086.0625,638450.5,703831.0625,769276.5625,834415.5625,,Guatemala,0.399822,,Department,Escuintla,94,GT.ES,,6,Departamento,4.176871,,GTM
6,139334746.2,16,14,6,11,4,8,7,0,0,1,0,0,5,0,0,0,38,0,5,7,1,0,0,0,0,0,3,0,56.19590887,459,0,159.8650055,7.824480982,0.12700513,83857.46875,10726.65039,134.8011322,6.569363933,0.093729608,70421.11719,10726.65039,135.1353607,7.139810633,0.151953444,76525.07031,10726.65039,135.8541718,7.984806189,0.213894203,85577.61719,10726.65039,135.9507599,7.869221547,0.176528096,84351.32813,10726.65039,25823.07813,9.610770151,123.100029,0,7953.5,7034.7029,5147.5,7282.375,5398.678033,4037,5982.333333,5035.389344,3606.75,7096.333333,6245.984316,4987.083333,6627.083333,6016.672337,4075.083333,6349.333333,5753.901446,4559,7261.5,6217.273445,4311.166667,5874.833333,5286.386175,4093.25,6774.583333,5584.516056,4134.166667,7007.75,6317.532347,4181.75,6328.5,5660.615966,3932.25,6720.083333,5878.503242,4454.666667,6922.083333,6170.657818,4206.666667,6976.25,6246.650719,4863.416667,6120.666667,5746.406982,4817.916667,6385,5747.152187,3837.583333,7268.4,6477.364924,4910.6,6639.833333,5951.55657,4247.5,6790.916667,6166.030164,4315.083333,6425,5631.50931,4092,6535.083333,5817.252712,4241.916667,6969.416667,6212.293958,4813.25,6820.333333,6120.709347,4388.166667,6844.166667,6168.356076,4638.25,6105.75,5558.228168,4533.666667,5735.083333,5176.161293,3896.583333,6458.083333,5466.860102,4259.416667,7032.583333,6136.54613,3987.166667,6808.416667,5966.00872,4157.333333,6192.916667,5496.274821,4181.583333,6924,6168.448275,4486.916667,6706.333333,5709.238956,4124.333333,6270.416667,5652.806688,4500.333333,7119.583333,6308.44151,4424.083333,6477.583333,5721.783429,4362.666667,7226.833333,6399.986536,4905.583333,2689.890137,1228.700327,19732.89063,38.85861206,2689.890137,1329.584843,20010.84766,43.92614365,2689.890137,1425.637629,20038.95313,49.03254318,2689.890137,1517.683322,19854.53906,54.15426254,2689.890137,1605.660894,19482.74609,59.23832321,2723535.25,2945793.5,3157188.5,3359581.75,3552872,,Guatemala,0.185582,,Department,Guatemala,94,GT.GU,,7,Departamento,2.430047,,GTM
7,573884669.5,8.089999948,21.14999995,9.519999862,15.12,13.07999992,6,0,2,0,0,0,0,0,0,0,0,2,0,0,21,0,0,0,0,0,0,0,0,272.4059194,982,58,155.5157471,0.449674158,0.05367332,16712.18359,37231.5,30.68715477,0.306812997,0.013578258,11404.0918,37231.5,199.8480682,0.420624005,0.068755768,15624.83105,37231.5,54.4400444,0.474253403,0.099523112,17630.13867,37231.5,34.27191162,0.437818799,0.054302763,16273.23633,37231.5,4098.59082,0.440721808,54.9529953,0,8391,7194.7428,5352.5,7085.25,5572.18567,3894,7144.833333,5249.286816,3599.5,7932.75,6667.24189,5232.5,7797.5,6447.241078,5086.166667,7352.583333,5593.589469,4205,7915.833333,6609.789931,4983.666667,6629.083333,4876.202151,3628.333333,7327.083333,5606.782781,4375.083333,8197.583333,6598.834526,5055.5,7053,5595.928939,3961.333333,7560.75,5727.306766,4156.916667,7879.333333,6546.958919,5294.416667,7781.416667,6427.67215,5015.5,7504.833333,5666.303501,3801.833333,7366.833333,5726.270031,4145.416667,7591,5699.977783,3667.6,7849.916667,6542.910873,5329.916667,7935.083333,6511.802172,4952.083333,7405,5691.262789,4346.083333,7849.083333,6319.150869,4687.666667,7923,6472.312179,4940,7840.083333,6439.588519,5117.25,7984.083333,6428.951904,4656.916667,7129.666667,5288.032399,4002.75,6871.083333,5171.244031,3956.25,7279.416667,5399.283075,3956.083333,7733.583333,6543.812299,5069.416667,7540.916667,6031.532071,4466.25,7010.25,5313.429046,3985.25,7665.666667,6281.136922,4861.75,7363.5,5851.043508,4614.5,7550.916667,5559.572427,4145,7847.166667,6638.011851,5220.583333,7385.166667,5576.328762,4211.916667,7866,6514.396237,5299,9322.310547,115.7777601,632.8459473,11.575243,9322.310547,131.7184284,728.4638672,12.02663708,9322.310547,148.3815596,843.0532837,12.56634045,9322.310547,165.8477702,955.0006714,12.85712528,9322.310547,184.1174599,1040.060547,12.65133286,891738.625,1014479.25,1142768.625,1277233,1417882.25,,Guatemala,0.645368,,Department,Huehuetenango,94,GT.HU,,8,Departamento,3.963472,,GTM
8,400709593.3,0,3,0,1,1,0,1,0,0,0,0,0,0,2,0,0,0,0,0,0,0,0,0,0,0,0,0,0,347.457706,1097,50,109.9224243,0.383495249,0.042720977,16297,42655.95703,105.2642365,0.264431152,-0.084390864,11235.20117,42655.95703,97.73493195,0.318074515,0.026311576,13518.37793,42655.95703,115.3988266,0.391724435,0.092017956,16653.86914,42655.95703,107.8672028,0.358733072,0.069136657,15252.64258,42655.95703,2323.450439,0.218827454,25.75910759,0,8307,7223.853838,2333,7757.875,6471.86309,1585,7397.666667,6341.13441,1625.75,8097.75,7016.013311,2482.583333,8311.666667,7052.686494,2402.583333,8126.916667,6561.34453,1773.083333,8348.166667,7133.325179,1364.583333,7663,6126.547797,1899,7740.583333,6503.832005,1483.333333,8409.583333,7251.277602,2431.833333,7939,6544.527458,1560.583333,7705,6730.091571,1396.083333,8096.75,7080.534246,3218.416667,8164.75,6985.919849,1087.5,7833.833333,6719.77122,2013.333333,7901.916667,6684.932903,1585.666667,8280.2,6955.433332,2332.6,8184.25,7131.051432,2008,8199.833333,7007.226929,2146,7914.833333,6724.251883,1545.583333,8083.5,6942.003147,1337,8480.083333,7270.990868,2260.416667,8243.75,7103.827744,2468.583333,8231.416667,7129.276187,1856.833333,7405.333333,6318.976756,1952.583333,7645.416667,6268.236892,1740.75,7963.583333,6508.03964,2289.166667,8203.833333,7079.70048,2450.75,7907.916667,6758.476968,2033,7786.833333,6460.743339,1566.5,8123.666667,6893.685303,1586.583333,7780.833333,6681.225964,1879.833333,7647.916667,6591.558141,1368.666667,8202.583333,7145.217882,2804.333333,8061.25,6470.680056,1463.583333,8269.25,7186.262601,2402.583333,9914.810547,40.56856729,189.5554657,4.755186081,9914.810547,45.96000697,202.347641,5.406817436,9914.810547,51.56337176,212.9242096,6.086290836,9914.810547,57.40823172,219.9651642,6.734348297,9914.810547,63.50179744,225.0451965,7.37862587,324745.4688,367907.7813,412765.0313,459554.6563,508330.8438,,Guatemala,0.739055,,Department,Izabal,94,GT.IZ,,9,Departamento,6.019812,,GTM
9,107887227.4,0,0,0,0,0,0,0,0,0,0,0,0,0,0,0,0,0,0,0,0,0,0,0,0,0,0,0,0,159.4296899,460,35,35.99082184,0.513342095,0.069156229,4889.363281,9546,34.6191597,0.417992215,0.036699943,3980.741211,9546,36.11764145,0.548993668,0.094917096,5227.154785,9546,50.03081512,0.587641812,0.135481745,5586.286133,9546,34.03816986,0.551289837,0.10719189,5251.566406,9546,1669.558594,0.699890597,22.54798317,0,7760.5,6601.587981,5530.5,6770.75,5697.283193,4921.125,5731.916667,4923.341132,4221.083333,7096.333333,6054.283589,5391.083333,6983.25,6038.877018,5265.5,6172.083333,5452.801231,4759.833333,7009.583333,6114.617877,5253,5844.583333,5056.878551,4500,6481.666667,5572.317948,4932.416667,7140.583333,6384.110697,5452.333333,6424.333333,5662.169436,5013.25,6350.166667,5649.836111,5048,7144.333333,6210.975866,5600.5,6774.166667,6043.067317,5466.5,6315.166667,5475.597716,4870.833333,6402.25,5671.529109,5105.416667,7218.2,6342.724727,5648.8,6842.75,5896.172173,5267.583333,6765.166667,6078.355838,5512,6060,5486.518933,4868.333333,6664.666667,5773.530871,5298.75,6947.166667,6070.436191,5376.416667,6837.333333,6011.617493,5396.333333,6526.666667,5923.974831,5455.583333,6128.166667,5511.390854,4961.25,6068,5260.48559,4792.083333,6250.5,5481.040176,5046,7233.416667,6077.804036,5368,6273.666667,5760.227452,5271,5973.666667,5378.790175,4670.25,6813.916667,5987.514977,5303.666667,6318.833333,5586.440284,5114.583333,5987.916667,5382.434265,4846.333333,6997.083333,6120.278002,5480.083333,6502.666667,5483.08607,4884.416667,6894.25,6044.649828,5365.083333,2394.310059,121.656868,270.7600098,51.15845108,2394.310059,140.4258448,317.8944092,53.8441925,2394.310059,160.177227,368.5688782,56.01053238,2394.310059,180.8961143,422.7983704,57.6885643,2394.310059,202.4621268,480.3405151,58.88891602,240996.375,278219.3438,317396.4688,358497.9375,401284.9063,,Guatemala,0.165174,,Department,Jalapa,94,GT.JA,,10,Departamento,2.105015,,GTM
10,157258805.6,0,0,0,0,0,0,0,0,0,0,0,0,0,0,0,0,0,0,0,0,0,0,0,0,0,0,0,0,156.4331829,472,27,41.49803925,0.509589676,0.054305583,8227.336914,16192.5498,27.38789558,0.421883196,0.032753423,6814.931152,16192.5498,101.9364166,0.563955614,0.092526548,9108.015625,16192.5498,41.25860214,0.574869525,0.126091346,9278.731445,16192.5498,23.99435043,0.519059757,0.094967641,8384.047852,16192.5498,3057.689209,0.755998292,39.62020111,0,8055.5,6439.391252,4909,6507.75,5620.541634,2098.75,5837.75,4953.586717,3605.333333,7168.416667,6253.996091,5455.416667,6983.25,6141.04635,5310,6706.083333,5579.44238,4526.333333,7460.75,6303.891704,5492.5,5921.666667,5183.983738,2134.583333,6243.75,5590.443286,2142.583333,7608.833333,6539.713408,5606.916667,6549.833333,5641.373507,4208.166667,6741.166667,5916.910708,1794.916667,7146.833333,6324.157616,5596.25,7343.333333,6297.929705,5538.75,6627.75,5754.249124,4539.083333,7066,5891.374887,4643.583333,7166.8,6680.906858,2874.2,6958.416667,6074.372149,5041.333333,7277.083333,6266.430579,5664.083333,6759.083333,5834.06505,3626.666667,6900.666667,5953.348601,5349.416667,7430.75,6277.639252,5437.666667,7241.25,6272.168908,5336.5,7077.5,6216.321476,5275,6172.166667,5570.849453,1891.083333,6008,5267.289253,1845.333333,6160.833333,5468.241319,1984,7278.666667,6410.674783,5572.833333,7111.5,5978.91704,4427.5,6459.166667,5442.26109,1501.75,7177.5,6268.706931,5515.166667,6917.25,5855.974953,4975.166667,6285.833333,5677.520681,2099.5,7161.333333,6379.967502,5610.916667,6777.416667,5525.916118,4244,7430.75,6310.903598,5434.833333,4057.179932,109.1424888,420.8733521,47.74100876,4057.179932,120.5814449,442.8002014,53.96837235,4057.179932,131.8731326,465.682373,58.52322006,4057.179932,143.046425,484.8658447,60.3379097,4057.179932,154.0438205,500.1736755,58.240448,365126.2813,403562.9375,441539,479145.8438,516189.0625,,Guatemala,0.280109,,Department,Jutiapa,94,GT.JU,,11,Departamento,3.930254,,GTM
11,1528119177,14.03999996,9,13.86000001,9,1,1,2,1,0,0,0,0,0,0,0,0,0,0,0,0,0,0,27,0,0,0,0,0,678.0725033,2671,148,1695.332764,0.330419625,0.052143376,58397.55078,176831.6563,174.1886292,0.196571585,0.026312027,34727.14844,176831.6563,252.9229736,0.28791586,0.060835663,50873.04297,176831.6563,543.9400024,0.307809628,0.082274996,54390.55469,176831.6563,341.2810059,0.268411552,0.040475953,47417.99609,176831.6563,2293.478271,0.052000714,16.57193184,0,9406.5,7706.317244,5890,9380.875,7387.227628,5771,9203.416667,7075.611882,5849.583333,8844.583333,7124.284668,5654.166667,8931.916667,7120.757936,6049.583333,9002.75,7299.045967,5960.666667,9228.333333,7252.178262,5829.166667,8870.333333,6609.788378,5081.416667,9471.916667,7351.766603,6066.75,9239.416667,7644.774338,6409.916667,9339.25,6963.348287,5551.75,8847.5,7246.088782,5948.5,8964.833333,7305.551997,6245.833333,8837.666667,7133.712045,5930.166667,9112.166667,7225.855785,5742.166667,9467.75,7304.313174,6162.75,9551.4,7552.339393,6354.2,8862.916667,7304.045033,5948.666667,8984.25,7225.886635,5759.083333,8860.75,7001.072718,5833.166667,8752.833333,7198.189841,5809.666667,8996.333333,7553.78051,6419.916667,8954.25,7175.373712,5688.916667,8916.833333,7173.948472,5780.833333,9304.083333,7105.37615,5234.5,9232.416667,6892.276188,5290.416667,9327.833333,7281.120623,5706.166667,9273,7262.64146,6089.333333,8847.416667,7235.64879,6169.25,9014.833333,6992.430919,5842.25,8860.416667,7264.430139,6109.666667,9202.5,7214.686821,5976.25,8774.416667,7005.465099,5668.083333,8951.916667,7261.017613,6066.083333,9309.916667,7079.152401,5627,9136,7419.926366,6273.333333,44165.66016,12.16897375,737.0167236,0.005040725,44165.66016,14.64112794,827.5829468,0.006397513,44165.66016,17.43774958,934.0474243,0.008017659,44165.66016,20.59504843,1032.362305,0.009941935,44165.66016,24.14021111,1095.289185,0.012209254,439484.3125,528744.75,629714.1875,743707,871711.3125,,Guatemala,3.067837,,Department,Petén,94,GT.PE,,12,Departamento,9.142239,,GTM
12,130519585.5,3,1.930000007,4,5,3,0.100000001,0,0,0,0,0,0,0,0,0,0,0,0,0,2,0,0,0,0,0,0,0,0,152.6793757,954,0,42.4561882,1.35885199,0.114044301,14036.54004,10351.16992,46.83349228,1.038167822,0.017624646,10724.62891,10351.16992,47.76390839,1.248408454,0.116677143,12896.41895,10351.16992,58.60537338,1.446530909,0.162558451,14939.80469,10351.16992,52.44903183,1.38298563,0.152506828,14285.29102,10351.16992,4792.324219,1.854654936,59.3429985,0,7793.5,6201.664861,2458.5,6027.25,4549.920436,3003.25,5413.583333,4151.692981,2498.083333,6951.25,5638.353913,4056.75,7307.5,5383.190225,2898.833333,5899.083333,4798.812062,3210.916667,7214.333333,5171.594427,2689.583333,5614.416667,4371.38985,2289.333333,6437.75,4736.28649,3138.666667,6901.75,5572.051057,3475.833333,6198.166667,5041.57285,3231.416667,6375,4833.813916,2319.666667,7394.583333,5587.095903,3630.916667,6914.833333,5522.389003,3256.166667,5774.666667,4837.873891,2990.166667,6253.083333,4763.650455,2480.916667,6845.6,4753.600931,2277.6,6862.583333,5523.164387,3799.333333,6791.75,5632.525461,3816.916667,6343.083333,4852.741028,2592.25,6680.166667,5156.381842,2810,6913.166667,5440.814563,3533.333333,7122.25,5586.504685,3024.75,6558.916667,5027.431985,2377.833333,5978.083333,4599.833973,2977.5,5918.416667,4553.395196,2720.083333,5730.916667,4312.510199,2349.583333,7082.583333,5326.04765,2647.666667,6892.333333,5193.289996,3266.416667,5805.583333,4601.642727,2925.166667,6800.416667,5378.84313,3201.083333,6449.916667,4914.610943,2806.75,6261.25,4749.771936,2559.25,7025.916667,5805.55831,4274.666667,5933,4853.169166,3768.333333,6920.416667,5862.819768,3962.583333,2599.25,297.9721141,1091.799683,37.61403275,2599.25,334.618959,1433.243652,42.50037003,2599.25,372.0467898,1857.889648,47.42087173,2599.25,410.4118505,2382.833984,52.35240555,2599.25,449.6796267,3026.76709,57.23942566,637336.9375,715598.5,795511.5,877413.75,961236.4375,,Guatemala,0.178899,,Department,Quezaltenango,94,GT.QZ,,13,Departamento,3.062071,,GTM
13,409977403.6,26.90999999,41.10999999,31.85000003,39.88,28.92000002,15.45999998,10,4,0,0,0,0,0,0,0,0,0,0,0,0,0,0,0,0,0,0,0,0,290.7217217,1074,44,45.59848404,0.33548157,0.051926099,11736.13086,35073.51953,55.64154816,0.23900434,-0.007456373,8356.022461,35073.51953,67.74708557,0.316234514,0.057315372,11058.85938,35073.51953,44.57175064,0.363510554,0.09567669,12711.27051,35073.51953,55.24748611,0.352310942,0.06349884,12324.71777,35073.51953,3097.839844,0.354673462,64.33078003,0,8391,7408.832592,5660.5,8002.75,5756.761193,4526.5,7598.833333,5638.475453,4190.75,7986.083333,6844.047756,5232.5,7797.5,6761.372405,5511.833333,7663.333333,5946.359945,4566.833333,8042.833333,6687.182847,4932.5,7365.5,5339.270648,4056.25,8108,5902.335553,4655.583333,8212.25,6864.482575,5167.583333,7582.333333,5926.349319,4559.25,7692.416667,6109.787343,4533.5,7717.583333,6744.743334,5582.333333,7706.25,6596.278287,5036.333333,8110.75,6106.138023,4407.166667,8098.166667,6039.309699,4690.083333,8122.4,6208.491468,3929,8114,6777.634417,5563.333333,7856.833333,6800.88995,5176.916667,7650.333333,6280.226618,4784.333333,7855.416667,6624.530291,5305.666667,8017.25,6753.852,5300.666667,7906.083333,6789.964663,5585.583333,8033.083333,6857.222587,5291.666667,7865,5592.196115,4426,7829,5387.845744,3782.25,7940.333333,5688.290389,4501.583333,7837.75,6721.657364,5248.833333,7905.083333,6377.461996,5135.333333,7633.25,5659.264325,4313.75,7868.916667,6558.689608,5020.25,7921.25,6163.929055,4527.5,7843.5,6026.462171,4726.333333,7774.916667,6872.536418,5570,7950.75,6014.055976,4629.833333,8016,6772.438325,5409.833333,8790.889648,94.15216006,573.1974487,27.13559532,8790.889648,111.7126641,707.4864502,32.48482132,8790.889648,131.1510801,862.3156738,38.45214081,8790.889648,152.6516078,1039.905396,44.95113754,8790.889648,176.334525,1242.010376,50.6347084,681561.375,808722.125,949491.875,1105207.25,1276742.5,,Guatemala,0.607335,,Department,Quiché,94,GT.QC,,14,Departamento,6.065282,,GTM
14,88523125.13,0,0.07,0,5.850000143,0,0.25999999,0,0,0,0,0,0,0,0,0,0.74000001,0,0,0,0,0,0,0,0,0,0,0,0,158.789184,571,26,26.43280602,0.590379538,0.060673721,5478.346191,9315.919922,78.03440094,0.474347064,-0.09101031,4402.131348,9315.919922,192.700943,0.703336359,0.059700504,6528.73877,9315.919922,211.3440704,0.817002334,0.134323448,7576.517578,9315.919922,418.8110657,0.795644374,0.089750282,7384.867188,9315.919922,1548.844482,0.66752932,29.43068314,0,7360.5,6353.064974,5149.5,5506.875,4354.010651,1114.25,5307.833333,4473.05095,3089.416667,6960,5818.642712,4198.416667,7359.5,5981.075808,3340.333333,6277.833333,5149.058615,3705.583333,7267.5,5664.348995,3195.666667,5754.083333,4676.144294,1791.25,5810.666667,4849.361205,1300.5,7246.583333,5873.815196,4335.416667,6437.416667,5286.51105,4099.083333,6368.166667,5374.732099,1525.25,7508.75,6129.483241,3681,6968.166667,5799.798316,3481.666667,6283.25,5285.372879,3851,6523.25,5401.485255,3854.083333,6768.4,5930.864328,3103.2,7146.5,5684.849824,4026.083333,7112.083333,5834.654215,4195.25,6476.166667,5480.507663,3368.083333,6872.333333,5615.550323,2810,7032.833333,5769.010234,3778.666667,7342.166667,6147.133936,3633.083333,6814.166667,5452.139304,3239.083333,5988.333333,4919.783151,1876.166667,5809.583333,4828.360363,1419.5,5572.75,4756.78273,2081.083333,7214,5892.195489,3299.083333,6773,5511.154383,3888.5,6071.416667,4892.747815,1465,6923.916667,5835.416495,3409,6857.916667,5574.485351,3334.916667,6261.25,5142.066561,1583.666667,7412,6098.763937,4274.666667,5933,4947.884413,3502.5,6968.833333,5951.481033,4971.75,2339.319824,126.6576294,1164.769531,47.24259949,2339.319824,142.4982259,1320.588623,52.48000717,2339.319824,158.4922257,1478.536499,57.5723381,2339.319824,174.613884,1637.885864,62.4942627,2339.319824,190.742942,1796.919678,67.18331909,242470.5156,272787.125,303394.3125,334242.4375,365101.0625,,Guatemala,0.16099,,Department,Retalhuleu,94,GT.RE,,15,Departamento,3.113575,,GTM
15,53563270.32,0,1.210000008,4,0.270000011,0,0,0,0,0,0,0,0,0,0,0,0,0,0,0,0,0,0,0,0,0,0,0,0,82.41545003,1187,6,136.6047668,2.680887708,0.109562427,7206.597656,2707.140137,89.47977448,2.396623479,0.074710332,6448.106445,2707.140137,124.1624069,2.771268469,0.147779688,7451.478516,2707.140137,331.6560059,3.098918369,0.155734584,8288.035156,2707.140137,283.2418823,2.95171439,0.175831795,7916.874023,2707.140137,2408.609619,3.58074119,31.49581337,0,7615,6722.387973,5147.5,5723.875,4653.375753,3102.125,5373.75,4249.214448,3601.583333,6252,5768.832095,5002.5,6519.25,5615.217371,4544.75,6026.5,5542.042272,4707.666667,6679.166667,5637.167081,4340.25,5435.416667,4853.520537,4256.25,5785.5,4949.33631,3954.5,6741.083333,6015.20748,4780.083333,6089.5,5257.084265,4271.75,6133.916667,5504.883264,4640.166667,6407.75,5767.158625,4562.5,6481.166667,5920.324191,4863.416667,6120.666667,5450.072329,4624.416667,5993.333333,5081.522549,4224.416667,6658.6,5441.050464,3808.6,6111.666667,5570.009989,4247.5,6710.916667,5803.340416,4806.833333,5994.416667,4976.890732,3432.666667,5986.916667,5282.265522,4241.916667,6415,5917.786774,4957.666667,6376.5,5681.813389,4629.166667,6574.25,5622.012162,4638.25,5824.083333,4845.307067,3841.083333,5325,4519.460705,3452.833333,5754.75,4962.155675,3477.333333,6554.083333,5820.075905,4572.75,6186.166667,5548.605957,4599.25,5755.833333,4969.424225,3914.75,6336.583333,5709.778073,4530.416667,6021.75,5315.891482,4333.666667,5879.25,5318.232143,4700.583333,6707.916667,6118.172626,4883.5,6067.416667,5302.837789,4598.916667,6576.416667,6069.337234,5414.5,681.2700195,496.637272,5350.873535,123.9401703,681.2700195,551.290696,6074.734375,143.1811371,681.2700195,605.9508451,6810.265625,163.5295868,681.2700195,660.8227188,7554.066406,185.0177155,681.2700195,715.7589416,8298.429688,207.5771484,275667.6563,305959.125,336246.1563,366642.5313,397066.5938,,Guatemala,0.046693,,Department,Sacatepéquez,94,GT.SA,,16,Departamento,1.153352,,GTM
16,259103353.7,12,21,20,5,14,14.63999999,0,3,0,0,0,0,0,0,0,0,0,0,0,0,0,0,0,0,0,0,0,0,242.1880081,1560,13,80.96070099,0.758692377,0.071656056,13036.11719,17235,79.76473236,0.574654033,-0.055870079,9870.904297,17235,82.96235657,0.729922727,0.0964996,12539.05762,17235,107.6859818,0.808477187,0.125187233,13890.27441,17235,62.55815125,0.73839907,0.093868643,12683.87891,17235,4858.963867,1.130576806,28.25014305,0,7994.5,6739.137721,3698.5,6821.75,4515.660209,2572.5,5653.833333,4226.402102,2737.583333,7304.333333,5800.911081,4540.25,7359.5,5758.387039,3525.75,6277.833333,4793.556498,2753.333333,7344.166667,5697.930734,3162.5,5994.083333,4374.463469,2641,7069.5,4682.984412,3304.25,7474.833333,5774.318069,4227.833333,6907.833333,5121.756465,3957.083333,7085.666667,4926.071453,2575.083333,7508.75,5859.164489,3792.083333,7263.833333,5814.476936,3843,6403.333333,4864.661832,2905.916667,7101.166667,4902.817697,3132.333333,7432,4917.868178,2641.6,7190.75,5628.04084,4292.333333,7333,5837.753358,4016,7005.083333,5012.567483,2514.916667,6962.25,5402.680816,2866.083333,7364.083333,5781.776123,3937.25,7342.166667,5673.611274,3486.583333,6940.583333,5331.650395,3204.583333,6689.25,4607.882529,3464.666667,6657.166667,4623.423684,2980.916667,6377.75,4294.434859,2628.416667,7265,5726.564708,3657.166667,7450.083333,5368.225623,3942.583333,6733.166667,4605.72594,2701,7072.25,5459.629691,2913.916667,7353,5213.991493,2700.583333,6499.916667,4817.794014,2953.083333,7418.166667,6004.182183,4563.833333,6216.25,4848.753463,3278.916667,7385.916667,6142.202204,4907.25,4321.990234,227.5255892,5562.943359,34.72484589,4321.990234,257.527115,5856.361816,36.47345352,4321.990234,288.2809241,6191.486816,37.82621765,4321.990234,319.6914398,6409.39502,38.81651688,4321.990234,351.4976238,6381.745117,39.44898987,804361.25,910535.4375,1019288.625,1130408.125,1243070.75,,Guatemala,0.298318,,Department,San Marcos,94,GT.SM,,17,Departamento,3.43797,,GTM
17,132210040.3,0,2,3,0,5,6,3,0,0,0,0,0,0,0,0,0,0,0,0,0,0,0,0,0,0,0,0,0,144.3300082,485,31,116.4214706,0.630556611,0.059488993,9188.088867,14608.48047,192.0614166,0.432953593,0.008187189,6309.363281,14608.48047,451.9885254,0.654930481,0.092526548,9546.566406,14608.48047,78.00647736,0.590076344,0.128805622,8586.073242,14608.48047,252.3297882,0.579951154,0.071918949,8450.378906,14608.48047,2204.387451,0.604187685,21.49139595,0,8250,6997.321547,3774.5,7031.125,5274.023933,1708,5837.75,5062.272324,3517.416667,7046,6468.720878,5646.5,6983.25,6317.306376,5695.333333,6706.083333,5868.764779,4738.666667,7441.75,6553.257129,5410.083333,6014.916667,5355.455689,2110.25,6377.083333,5642.465658,1741.333333,7507,6745.776847,5869.333333,6488.25,5912.946503,4418.416667,6724.833333,6156.418742,1612,7237.333333,6643.662743,6007.666667,7366.583333,6542.4672,5548.916667,6627.75,5967.959374,4724.75,7066,5940.277192,4548,7197.8,6622.726214,2331.4,6868.916667,6232.570788,5342.5,7165.083333,6473.037043,5374.75,6658.083333,5878.212936,3419.666667,6857.916667,6238.706678,5569.416667,7514.833333,6615.555525,5251.666667,7043.666667,6492.90018,5765,7067.916667,6460.663118,5167.666667,6251.916667,5654.475888,1838,5926.916667,5349.845015,1674.75,6194,5408.979721,2195.583333,7233.416667,6634.707672,5836.5,6785,6070.746471,4582.833333,6267.5,5557.257185,1956.75,7185.75,6571.224008,5640.75,7088.416667,6129.996175,4873.083333,6593.333333,5918.389203,2630.25,7329.75,6710.356624,6063.75,6777.416667,5831.108615,4142.833333,7241.5,6642.162787,5468.833333,3656.98999,95.9346465,335.351532,34.46829605,3656.98999,106.3488347,383.7643433,38.89340973,3656.98999,116.5629113,433.6727295,43.33573914,3656.98999,126.5642158,484.8861694,45.76218414,3656.98999,136.2711249,536.9296265,45.7973175,289361.9688,320719.125,351458.7188,381542.0313,410722.3125,,Guatemala,0.252798,,Department,Santa Rosa,94,GT.SR,,18,Departamento,3.303218,,GTM
18,87516370.21,10,27,3,1,4,1,0,0,0,0,0,0,0,0,0,0,0,0,0,0,0,0,0,0,0,0,0,0,158.9051248,813,16,118.1127853,0.703527351,0.075273082,4013.814209,5722.189941,16.52777481,0.552099391,0.03988171,3149.995117,5722.189941,18.85494804,0.675608982,0.097118326,3854.321289,5722.189941,16.4189167,0.761416875,0.133927703,4342.202637,5722.189941,16.04340744,0.751825729,0.12555775,4288.510742,5722.189941,2011.620605,1.408137721,39.65131378,0,7984.5,6869.984906,5259.5,6299.75,4392.77242,2884.625,5759.416667,4228.400441,3117.75,6932.833333,5783.406922,4840,6851.666667,5524.373514,4081.5,6203.083333,5240.743449,3977.666667,7035.333333,5473.620518,3821.166667,5845.416667,4555.655895,3328.75,5870.25,4521.367385,3138.666667,7052.083333,5773.514129,4810.5,6385.083333,5204.32394,4287.333333,6332,4831.759419,3041.166667,6797.166667,5607.223892,4470.25,6729,5788.849057,4172.583333,6234.25,5002.857694,3782.416667,6296.083333,4937.744982,3425.5,6377,4959.953859,3353.4,6758.25,5365.999202,4182.333333,7135.916667,5801.028388,4879.166667,5970.75,4540.65781,2882.166667,6361.666667,5176.150698,4155.083333,6636.5,5722.955218,3800.75,6875.583333,5524.251678,3995.333333,6808.75,5278.726287,3582.333333,5705.916667,4443.913704,3359.833333,5631.083333,4318.524791,3218.833333,5520.333333,4120.040585,3002.416667,6876.666667,5657.015138,4210.5,5926.916667,5014.003028,3826.916667,5854.75,4483.945917,3190.5,6810.416667,5768.818886,4646.583333,6448.5,5121.278039,3090.083333,6129.333333,4734.853266,3387.333333,7118.583333,6119.514155,5375.75,6315.583333,4981.909933,3849.25,6919.083333,5999.902505,4687.583333,1322.649902,314.1114545,1651.803345,78.8553772,1322.649902,363.8940673,1968.289307,84.63448334,1322.649902,418.0568536,2315.993408,89.73114777,1322.649902,477.2995302,2696.365234,94.17066193,1322.649902,542.1486339,3108.941162,97.91724396,326727.3125,378270.375,434312.7813,495578.5,562613.875,,Guatemala,0.098915,,Department,Sololá,94,GT.SO,,19,Departamento,1.641186,,GTM
19,95741403.01,2,1,0,0.149999997,0,1,0,0,0,0,0,0,0,0,0,0,0,0,0,0,0,0,0,0,0,0,0,0,125.5247701,800,29,456.5654297,0.827004068,0.092194945,8318.00293,10088.42969,17.46755409,0.474849909,-0.009991707,4773.65918,10088.42969,224.5174713,0.691569879,0.103577331,6952.914063,10088.42969,347.0413208,0.826812291,0.162022799,8313.616211,10088.42969,31.29607201,0.677060326,0.1249668,6807.06543,10088.42969,2241.897461,0.889905853,34.42190933,0,7883.5,7101.121022,5149.5,5871.75,4697.52243,1404,5742.083333,4686.976376,3117.75,7476.416667,6229.04934,4859.666667,7587.583333,6136.257707,4081.5,6171.75,5484.474439,4415.583333,7508.833333,5751.80638,3603.083333,5744.916667,5225.360976,2267.916667,6285.5,5172.518749,1484,7549,6269.596218,4810.5,6606.25,5548.137975,4287.333333,6449.416667,5828.641421,2211.333333,7807.75,6254.50023,4408.916667,7403.833333,6202.135636,4172.583333,6258.166667,5547.484248,3782.416667,6712.5,5424.746553,3425.5,7423.4,6049.963598,3237.2,7290.25,5975.177371,4182.333333,7238,6180.217444,4878.25,6523.166667,5670.100392,2882.166667,7337.75,5871.449255,3791.416667,7376.583333,6139.258913,3800.75,7744.583333,6500.97504,3995.333333,7409.25,5699.097469,3582.333333,6041.166667,5233.139529,2159.833333,5796.833333,5180.239036,2094.166667,5695.666667,4922.133526,2293.166667,7627.833333,6057.192324,3999.083333,6892.833333,5773.336128,3826.916667,6061.333333,5363.940026,1832.333333,7417.416667,6325.874156,4427.166667,7051.916667,5825.670871,3090.083333,6353.75,5658.082956,2803.833333,7508.5,6521.306098,4942.25,6160.416667,5529.159074,4187.416667,7405.083333,6571.17186,4687.583333,2533.359863,194.0886428,1283.434692,46.11172104,2533.359863,219.8375796,1411.548584,51.30035019,2533.359863,246.2948314,1533.112915,56.36044693,2533.359863,273.4896761,1755.043579,61.26625443,2533.359863,301.3008828,2001.489014,65.95492554,406760.7813,460775.75,516289.5313,573364.8125,631748.6875,,Guatemala,0.174347,,Department,Suchitepéquez,94,GT.SU,,20,Departamento,3.126245,,GTM
20,131394636.5,26,2.939999998,1.270000011,9,1,0,0,1,0,0,0,0,0,0,0,0,0,0,0,0,0,0,0,0,0,0,0,0,135.1516284,554,9,30.2215023,0.900035168,0.094731331,4690.23291,5235.459961,58.57589722,0.726175984,0.055708464,3784.715088,5235.459961,50.64649963,0.869636113,0.096228555,4532.068359,5235.459961,39.78756332,1.011039612,0.151248172,5268.630371,5235.459961,44.83849335,0.947805605,0.139712259,4939.580566,5235.459961,2388.145508,1.831983901,38.42855453,0,7725,6744.482146,5726.5,6064.75,4938.35253,3937.125,5515.833333,4763.970438,3600.166667,6742.916667,5979.302121,5272.666667,7009.583333,6026.748788,5049.25,5926.166667,5264.225549,4678.333333,6826,5929.541075,5016.166667,5402.916667,4693.202574,3849.833333,5819.5,5019.575592,3995.083333,7100.333333,6220.660206,5610.916667,6402.833333,5488.835379,4802.083333,6254.583333,5452.570671,4186.333333,6809.666667,6024.59698,5376.916667,7124.916667,5995.318016,5295.75,6421.166667,5479.795958,4828.583333,6175.666667,5431.993458,4512.916667,6211,5404.666247,4151.4,6633.916667,5906.01597,5004.333333,7058.5,6108.922983,5330.916667,6217.416667,5330.413098,4305.25,6708.333333,5765.054917,4987,6878.666667,6028.586548,5062.583333,6606.75,5908.010757,5302.25,6639,5833.679709,4950.583333,5475.25,4793.598799,4079.5,5690.333333,4780.085645,3778.416667,5735.583333,4909.569533,3334,6911.083333,6094.826551,4731.083333,6399.666667,5485.698724,4793.166667,6031.916667,5092.96143,3888.583333,6919.833333,5918.456192,5190.083333,6457.75,5561.490572,4418.583333,5849,5008.033459,4051,7127.5,6236.058858,5418.166667,6178.166667,5327.426842,4187.75,6974.333333,6211.135557,5297.583333,1315.090088,320.6275299,1084.398071,40.07685089,1315.090088,374.7692983,1313.88208,46.16110992,1315.090088,433.2149377,1572.059204,52.69724274,1315.090088,496.2689852,1861.075195,59.77843094,1315.090088,564.0046964,2181.979736,67.48915863,347210.375,405874,469203.9063,537529.1875,610928.625,,Guatemala,0.090463,,Department,Totonicapán,94,GT.TO,,21,Departamento,1.66058,,GTM
21,133936967.5,0,0,0,0,0,0,0,0,0,0,0,0,0,0,0,0,0,0,0,11,0,0,0,0,0,0,0,0,274.2679366,959,100,36.27410889,0.546896591,0.043454211,7214.472168,13211.2793,31.68177223,0.422390174,0.036977895,5571.734375,13211.2793,44.98616409,0.742853275,0.061568342,9801.376953,13211.2793,36.01200485,0.60581481,0.09865506,7990.273926,13211.2793,32.94847488,0.54819031,0.066562548,7230.150879,13211.2793,2009.054688,0.607270849,25.35852432,0,8147,6960.945023,5286.5,7235.125,5670.200431,4655.125,6974.5,5713.859613,4579,7713.416667,6558.902941,5447.333333,7785.25,6583.359614,5511.583333,7169.5,5871.090285,4438.083333,8054.333333,6630.981938,5251.833333,6612.75,5448.610519,4484.666667,7032.25,5854.461944,4901.25,7833.166667,6640.928872,4970.583333,7363.083333,6065.982171,5084.833333,7301.916667,6010.822696,5056.416667,7619.583333,6682.355508,5486.166667,7877.416667,6494.012083,4658.5,7278.083333,6081.407038,4361.25,7408.916667,6341.033206,4474.333333,7438.8,6601.229495,4558.8,7854.416667,6458.983324,5028.166667,7801.5,6546.236025,5211.166667,7403.75,6233.343795,4731.083333,7754.25,6546.36164,5413.75,7895,6612.83655,4749.25,8002.833333,6739.876099,5529,7929.25,6643.521992,5287.583333,6801.083333,5732.065531,4868.416667,6682.75,5617.60403,4166.25,6880.25,5958.599676,5011.166667,7790.916667,6594.177058,5010.416667,7420.416667,6268.401161,4533.25,7001.833333,5824.606865,4709.333333,7833.5,6481.00401,4679.5,7289.916667,6134.804564,4259.5,7185.333333,5978.352061,4334.416667,7821.916667,6702.131457,5597.583333,7096.833333,5877.520315,4780.166667,7713,6593.229161,4547,3313.5,70.31998913,214.8498688,20.74618149,3313.5,76.65280358,237.3141479,22.87584496,3313.5,82.6113526,258.8482361,24.90156937,3313.5,88.19495054,279.3476257,26.67243385,3313.5,93.36024385,298.5713196,28.30470467,192243.1563,209515.8125,225756.3281,240962.9531,255016.6563,,Guatemala,0.22861,,Department,Zacapa,94,GT.ZA,,22,Departamento,2.852741,,GTM